"""ID""","""Name""","""Desc""","""Icon""","""Model""","""Attack""","""Defence""","""HP""","""ElementType""","""Skills1""","""Skills2""","""Skills3"""
100000,,,,MonIceNormal,0,10,100,2,9,,
100100,,,,MonIceNormal,2,10,4,2,9,,
100110,,,,MonFireNormal,3,10,7,1,4,,
100111,,,,MonIceNormal,1,10,5,2,4,,
100200,,,,MonFireNormal,1,10,6,1,7,,
100201,,,,MonIceNormal,3,10,5,2,4,,
100210,,,,MonFireNormal,2,10,6,1,9,,
100220,,,,MonFireNormal,4,10,6,1,6,,
100300,,,,MonFireNormal,4,10,4,1,4,,
100301,,,,MonLightNormal,1,10,6,4,7,,
100310,,,,MonIceNormal,1,10,6,2,7,,
100320,,,,MonIceNormal,3,10,5,2,9,,
100400,,,,MonIceNormal,3,10,8,2,8,,
100401,,,,MonPosionNormal,2,10,7,3,6,,
100410,,,,MonPosionNormal,1,10,6,3,6,,
100500,,,,MonIceNormal,1,10,5,2,8,,
100501,,,,MonPosionNormal,3,10,5,3,4,,
100510,,,,MonIceNormal,3,10,9,2,4,,
100600,,,,MonFireNormal,1,10,4,1,8,,
100601,,,,MonPosionNormal,2,10,3,3,9,,
100610,,,,MonPosionNormal,2,10,2,3,9,,
100620,,,,MonFireNormal,1,10,4,1,4,,
100621,,,,MonFireNormal,4,10,5,1,8,,
100622,,,,MonFireNormal,2,10,5,1,7,,
100700,,,,MonLightNormal,1,10,5,4,6,,
100701,,,,MonLightNormal,1,10,6,4,6,,
100710,,,,MonFireNormal,2,10,4,1,5,,
100720,,,,MonFireNormal,4,10,6,1,6,,
100721,,,,MonFireNormal,4,10,6,1,8,,
100800,,,,MonIceNormal,3,10,4,2,4,,
100801,,,,MonFireNormal,1,10,5,1,5,,
100802,,,,MonFireNormal,4,10,6,1,9,,
100810,,,,MonIceNormal,1,10,5,2,4,,
100820,,,,MonFireNormal,1,10,4,1,9,,
100900,,,,MonFireNormal,3,10,5,1,7,,
100901,,,,MonFireNormal,4,10,5,1,6,,
100902,,,,MonLightNormal,1,10,7,4,5,,
100910,,,,MonPosionNormal,4,10,7,3,8,,
101000,,,,MonFireNormal,3,10,5,1,6,,
101010,,,,MonFireNormal,4,10,4,1,7,,
101011,,,,MonFireNormal,2,10,4,1,4,,
101020,,,,MonFireNormal,3,10,4,1,9,,
101021,,,,MonFireNormal,4,10,6,1,4,,
101100,,,,MonLightNormal,1,10,5,4,3,,
101101,,,,MonPosionNormal,1,10,4,3,9,,
101102,,,,MonFireDamage,6,10,5,1,7,,
101110,,,,MonPosionNormal,5,10,4,3,8,,
101200,,,,MonFireDamage,6,10,5,1,2,,
101210,,,,MonPosionNormal,2,10,4,3,2,,
101211,,,,MonPosionNormal,1,10,5,3,7,,
101220,,,,MonPosionNormal,1,10,4,3,5,,
101221,,,,MonPosionNormal,3,10,5,3,7,,
101222,,,,MonFireNormal,4,10,4,1,3,,
101300,,,,MonFireDamage,6,10,2,1,3,,
101301,,,,MonFireDamage,6,10,3,1,7,,
101310,,,,MonFireNormal,1,10,4,1,6,,
101311,,,,MonFireNormal,1,10,5,1,8,,
101312,,,,MonFireNormal,3,10,2,1,9,,
101320,,,,MonPosionNormal,1,10,5,3,8,,
101400,,,,MonFireNormal,3,10,6,1,2,,
101401,,,,MonFireNormal,4,10,8,1,8,,
101402,,,,MonFireNormal,2,10,4,1,3,,
101500,,,,MonPosionNormal,2,10,3,3,7,,
101501,,,,MonPosionNormal,2,10,4,3,8,,
101502,,,,MonPosionNormal,5,10,3,3,5,,
101510,,,,MonPosionNormal,2,10,7,3,11,,
101600,,,,MonFireNormal,2,10,6,1,2,,
101601,,,,MonDarkNormal,2,10,2,5,6,,
101602,,,,MonFireNormal,4,10,4,1,9,,
101610,,,,MonDarkNormal,6,10,6,5,2,,
101620,,,,MonFireNormal,2,10,4,1,9,,
101621,,,,MonDarkNormal,4,10,3,5,7,,
101700,,,,MonPosionNormal,2,10,4,3,9,,
101701,,,,MonDarkNormal,1,10,2,5,7,,
101702,,,,MonDarkNormal,1,10,3,5,2,,
101710,,,,MonDarkNormal,4,10,4,5,9,,
101711,,,,MonDarkNormal,5,10,2,5,14,,
101720,,,,MonPosionDamage,6,10,5,3,7,,
101721,,,,MonPosionNormal,2,10,2,3,2,,
101722,,,,MonDarkNormal,3,10,5,5,5,,
101800,,,,MonDarkNormal,5,10,6,5,7,,
101810,,,,MonDarkNormal,5,10,5,5,7,,
101811,,,,MonDarkNormal,1,10,5,5,6,,
101812,,,,MonDarkNormal,5,10,6,5,5,,
101820,,,,MonDarkNormal,2,10,4,5,9,,
101900,,,,MonIceNormal,2,10,5,2,8,,
101910,,,,MonDarkNormal,1,10,6,5,7,,
101911,,,,MonDarkNormal,4,10,6,5,6,,
101920,,,,MonDarkNormal,1,10,6,5,5,,
101921,,,,MonIceNormal,1,10,5,2,7,,
102000,,,,MonDarkNormal,3,10,4,5,6,,
102001,,,,MonPosionDamage,2,10,5,3,7,,
102002,,,,MonDarkNormal,3,10,3,5,8,,
102010,,,,MonPosionNormal,1,10,3,3,10,,
102020,,,,MonIceNormal,3,10,2,2,8,,
102021,,,,MonIceDamage,4,10,5,2,7,,
102100,,,,MonIceDamage,7,10,4,2,6,,
102101,,,,MonIceNormal,4,10,5,2,7,,
102110,,,,MonIceSkill,1,10,6,2,102110,15,
102111,,,,MonIceDamage,4,10,4,2,5,,
102112,,,,MonIceSkill,3,10,6,2,102112,11,
102200,,,,MonIceDamage,4,10,4,2,7,,
102201,,,,MonIceNormal,5,10,4,2,11,,
102210,,,,MonIceSkill,1,10,4,2,102210,15,
102211,,,,MonIceNormal,5,10,3,2,4,,
102220,,,,MonIceDamage,8,10,2,2,14,,
102221,,,,MonIceNormal,1,10,2,2,5,,
102222,,,,MonIceSkill,1,10,2,2,102222,12,
102300,,,,MonIceSkill,1,10,6,2,102300,12,
102301,,,,MonIceDamage,4,10,5,2,7,,
102302,,,,MonIceSkill,3,10,4,2,102320,12,
102310,,,,MonIceSkill,6,10,6,2,102310,9,
102320,,,,MonIceNormal,8,10,6,2,7,,
102400,,,,MonIceDamage,5,10,8,2,7,,
102410,,,,MonIceNormal,1,10,6,2,8,,
102411,,,,MonIceDamage,3,10,4,2,3,,
102420,,,,MonIceDamage,5,10,6,2,6,,
102421,,,,MonIceNormal,3,10,2,2,9,,
102422,,,,MonLightNormal,3,10,5,4,2,,
102500,,,,MonIceNormal,3,10,7,2,3,,
102501,,,,MonIceNormal,2,10,4,2,5,,
102510,,,,MonPosionDamage,6,10,4,3,9,,
102520,,,,MonIceNormal,4,10,7,2,2,,
102600,,,,MonPosionNormal,2,10,5,3,3,,
102601,,,,MonPosionNormal,1,10,6,3,5,,
102602,,,,MonPosionNormal,4,10,4,3,9,,
102610,,,,MonPosionDamage,6,10,6,3,7,,
102620,,,,MonIceNormal,2,10,6,2,5,,
102700,,,,MonIceSkill,6,10,4,2,102700,15,
102701,,,,MonIceSkill,2,10,5,2,102701,10,
102710,,,,MonIceSkill,2,10,6,2,102710,12,
102720,,,,MonIceSkill,3,10,4,2,102720,11,
102721,,,,MonIceDamage,4,10,8,2,2,,
102800,,,,MonIceSkill,3,10,6,2,102800,11,
102801,,,,MonIceNormal,1,10,5,2,1,,
102802,,,,MonIceNormal,2,10,4,2,2,,
102900,,,,MonIceSkill,6,10,3,2,102900,14,
102901,,,,MonIceSkill,2,10,2,2,102901,11,
102910,,,,MonIceSkill,1,10,5,2,102911,15,
102911,,,,MonIceDamage,6,10,5,2,2,,
102920,,,,MonFireNormal,3,10,5,1,4,,
102921,,,,MonIceNormal,3,10,4,2,5,,
103000,,,,MonIceSkill,7,10,2,2,103000,14,
103001,,,,MonLightNormal,3,10,2,4,5,,
103010,,,,MonIceSkill,3,10,2,2,103010,8,
103011,,,,MonLightDamage,6,10,3,4,14,,
103020,,,,MonLightNormal,3,10,3,4,8,,
103021,,,,MonPosionNormal,5,10,3,3,7,,
103022,,,,MonLightNormal,2,10,4,4,6,,
103100,,,,MonFireDamage,7,10,2,1,7,,
103101,,,,MonFireNormal,1,10,4,1,4,,
103110,,,,MonIceSkill,7,10,2,2,103110,7,
103111,,,,MonIceNormal,3,10,4,2,4,,
103120,,,,MonIceNormal,4,10,10,2,8,,
103121,,,,MonIceNormal,8,10,3,2,5,,
103200,,,,MonPosionNormal,1,10,6,3,5,,
103210,,,,MonPosionNormal,2,10,6,3,5,,
103211,,,,MonIceDamage,6,10,4,2,8,,
103212,,,,MonFireNormal,2,10,4,1,4,,
103220,,,,MonIceDamage,6,10,5,2,4,,
103300,,,,MonIceSkill,4,10,2,2,103300,10,
103310,,,,MonIceSkill,2,10,2,2,103310,15,
103311,,,,MonIceSkill,2,10,2,2,103311,11,
103320,,,,MonIceDamage,7,10,8,2,6,,
103321,,,,MonFireSkill,3,10,8,1,103321,14,
103322,,,,MonIceNormal,8,10,3,2,8,,
103400,,,,MonIceNormal,5,10,4,2,5,,
103410,,,,MonFireSkill,6,10,6,1,103410,14,
103420,,,,MonFireSkill,8,10,5,1,103420,15,
103421,,,,MonIceNormal,1,10,6,2,3,,
103422,,,,MonFireSkill,1,10,5,1,103422,13,
103500,,,,MonIceSkill,5,10,5,2,103500,7,
103510,,,,MonFireSkill,7,10,5,1,103510,8,
103511,,,,MonPosionNormal,2,10,6,3,2,,
103512,,,,MonFireNormal,2,10,6,1,2,,
103520,,,,MonFireNormal,2,10,6,1,3,,
103600,,,,MonFireSkill,2,10,2,1,103600,12,
103601,,,,MonFireSkill,3,10,5,1,103601,7,
103602,,,,MonPosionNormal,2,10,4,3,1,,
103610,,,,MonFireSkill,4,10,8,1,103610,2,
103700,,,,MonPosionNormal,2,10,5,3,1,,
103701,,,,MonFireNormal,3,10,5,1,2,,
103710,,,,MonIceNormal,2,10,6,2,1,,
103720,,,,MonIceNormal,1,10,6,2,2,,
103800,,,,MonFireNormal,2,10,5,1,1,,
103801,,,,MonIceSkill,1,10,5,2,103801,13,
103810,,,,MonIceSkill,5,10,4,2,103810,9,
103811,,,,MonPosionDamage,6,10,4,3,5,,
103820,,,,MonFireSkill,3,10,10,1,103820,2,
103900,,,,MonFireNormal,2,10,5,1,1,,
103910,,,,MonLightDamage,6,10,4,4,9,,
103920,,,,MonIceSkill,3,10,4,2,103920,11,
103921,,,,MonIceNormal,1,10,5,2,6,,
103922,,,,MonFireNormal,5,10,6,1,13,,
104000,,,,MonFireDamage,8,10,5,1,5,,
104001,,,,MonLightNormal,1,10,4,4,2,,
104010,,,,MonLightDamage,8,10,4,4,7,,
104011,,,,MonIceSkill,1,10,8,2,104012,12,
104012,,,,MonLightNormal,3,10,5,4,1,,
104100,,,,MonFireSkill,3,10,5,1,104100,13,
104101,,,,MonFireNormal,2,10,5,1,5,,
104110,,,,MonFireSkill,4,10,6,1,104110,11,
104120,,,,MonFireSkill,4,10,6,1,104120,9,
104121,,,,MonFireSkill,6,10,8,1,104121,2,
104200,,,,MonFireSkill,7,10,3,1,104200,8,
104201,,,,MonLightNormal,1,10,5,4,8,,
104210,,,,MonFireSkill,8,10,5,1,104210,8,
104211,,,,MonFireSkill,3,10,2,1,104211,9,
104220,,,,MonFireSkill,5,10,6,1,104220,9,
104221,,,,MonDamageBoss,11,10,9,1,11,,
104300,,,,MonIceNormal,5,10,4,2,2,,
104301,,,,MonFireNormal,1,10,9,1,1,,
104400,,,,MonFireSkill,7,10,5,1,104400,11,
104401,,,,MonFireNormal,1,10,7,1,2,,
104410,,,,MonFireNormal,1,10,6,1,2,,
104420,,,,MonFireNormal,6,10,10,1,2,,
104500,,,,MonLightNormal,1,10,5,4,1,,
104501,,,,MonFireDamage,8,10,4,1,6,,
104510,,,,MonLightNormal,4,10,5,4,9,,
104511,,,,MonFireSkill,2,10,5,1,104511,11,
104512,,,,MonFireSkill,2,10,5,1,104512,12,
104600,,,,MonFireSkill,4,10,7,1,104600,11,
104601,,,,MonFireSkill,3,10,6,1,104601,11,
104610,,,,MonLightNormal,1,10,5,4,3,,
104620,,,,MonPosionNormal,5,10,6,3,2,,
104700,,,,MonFireNormal,5,10,3,1,5,,
104701,,,,MonLightNormal,5,10,2,4,3,,
104710,,,,MonFireSkill,4,10,2,1,104710,8,
104711,,,,MonFireSkill,6,10,3,1,104711,8,
104720,,,,MonFireNormal,1,10,4,1,3,,
104721,,,,MonFireSkill,2,10,4,1,104721,9,
104722,,,,MonFireDamage,6,10,4,1,6,,
104800,,,,MonFireNormal,2,10,4,1,2,,
104801,,,,MonFireSkill,3,10,4,1,104801,11,
104810,,,,MonLightNormal,5,10,4,4,6,,
104811,,,,MonFireNormal,2,10,2,1,6,,
104820,,,,MonFireNormal,4,10,3,1,5,,
104821,,,,MonFireSkill,1,10,9,1,104822,9,
104822,,,,MonLightDamage,6,10,6,4,5,,
104900,,,,MonPosionDamage,4,10,5,3,5,,
104901,,,,MonLightNormal,3,10,6,4,6,,
104902,,,,MonLightNormal,1,10,4,4,10,,
104910,,,,MonFireSkill,1,10,6,1,104910,12,
104911,,,,MonFireSkill,3,10,6,1,104911,13,
105000,,,,MonFireDamage,6,10,4,1,7,,
105001,,,,MonFireNormal,5,10,4,1,2,,
105010,,,,MonFireDamage,8,10,4,1,5,,
105020,,,,MonFireSkill,7,10,5,1,105020,15,
105021,,,,MonFireNormal,1,10,4,1,4,,
105100,,,,MonIceDamage,8,10,6,2,5,,
105101,,,,MonPosionSkill,2,10,6,3,105101,13,
105110,,,,MonIceNormal,3,10,5,2,5,,
105111,,,,MonPosionSkill,7,10,4,3,105111,8,
105120,,,,MonPosionNormal,3,10,6,3,4,,
105200,,,,MonFireDamage,8,10,5,1,8,,
105201,,,,MonFireNormal,2,10,3,1,7,,
105210,,,,MonPosionSkill,8,10,5,3,105210,9,
105211,,,,MonPosionSkill,2,10,3,3,105211,9,
105220,,,,MonPosionNormal,5,10,6,3,9,,
105221,,,,MonPosionNormal,8,10,10,3,5,,
105300,,,,MonPosionNormal,5,10,9,3,4,,
105301,,,,MonPosionSkill,4,10,4,3,105301,8,
105310,,,,MonLightNormal,3,10,9,4,3,,
105400,,,,MonFireDamage,7,10,5,1,7,,
105410,,,,MonPosionSkill,3,10,8,3,105410,11,
105411,,,,MonPosionDamage,6,10,5,3,9,,
105412,,,,MonPosionNormal,3,10,5,3,1,,
105420,,,,MonPosionSkill,2,10,6,3,105420,14,
105500,,,,MonLightDamage,6,10,7,4,4,,
105501,,,,MonPosionSkill,5,10,6,3,105501,8,
105510,,,,MonPosionNormal,4,10,4,3,6,,
105520,,,,MonLightDamage,6,10,4,4,8,,
105600,,,,MonFireDamage,8,10,4,1,5,,
105610,,,,MonPosionSkill,8,10,5,3,105610,13,
105611,,,,MonPosionSkill,1,10,6,3,105611,10,
105620,,,,MonPosionSkill,7,10,4,3,105620,13,
105621,,,,MonLightNormal,1,10,6,4,5,,
105700,,,,MonFireDamage,8,10,5,1,9,,
105701,,,,MonFireNormal,2,10,6,1,2,,
105710,,,,MonPosionSkill,7,10,4,3,105710,9,
105711,,,,MonPosionSkill,7,10,5,3,105720,7,
105720,,,,MonFireNormal,3,10,10,1,1,,
105800,,,,MonPosionSkill,2,10,6,3,105810,12,
105810,,,,MonDamageBoss,11,10,25,2,15,,
105900,,,,MonFireDamage,7,10,9,1,7,,
105910,,,,MonPosionSkill,5,10,9,3,105910,7,
105920,,,,MonPosionSkill,7,10,10,3,105920,5,
106000,,,,MonPosionSkill,3,10,10,3,106000,12,
106001,,,,MonPosionSkill,3,10,5,3,106001,11,
106002,,,,MonPosionNormal,4,10,7,3,2,,
106100,,,,MonLightNormal,2,10,10,4,1,,
106101,,,,MonLightNormal,6,10,5,4,5,,
106200,,,,MonLightNormal,1,10,4,4,4,,
106201,,,,MonIceNormal,2,10,4,2,1,,
106210,,,,MonIceNormal,3,10,6,2,4,,
106211,,,,MonLightNormal,1,10,4,4,1,,
106220,,,,MonLightDamage,7,10,5,4,4,,
106300,,,,MonLightNormal,1,10,4,4,2,,
106301,,,,MonIceDamage,6,10,6,2,4,,
106310,,,,MonIceDamage,6,10,4,2,7,,
106311,,,,MonLightNormal,2,10,5,4,1,,
106312,,,,MonIceNormal,1,10,5,2,5,,
106400,,,,MonLightNormal,2,10,4,4,3,,
106401,,,,MonLightDamage,8,10,5,4,7,,
106402,,,,MonLightNormal,1,10,4,4,6,,
106410,,,,MonLightNormal,5,10,5,4,8,,
106420,,,,MonLightNormal,4,10,5,4,4,,
106500,,,,MonPosionDamage,7,10,4,3,6,,
106501,,,,MonIceNormal,1,10,5,2,4,,
106510,,,,MonIceNormal,2,10,6,2,2,,
106511,,,,MonFireNormal,5,10,4,1,4,,
106520,,,,MonFireNormal,4,10,9,1,6,,
106600,,,,MonIceDamage,8,10,7,2,6,,
106601,,,,MonPosionNormal,1,10,9,3,1,,
106602,,,,MonIceSkill,1,10,9,2,106602,12,
106700,,,,MonPosionSkill,4,10,6,3,106700,9,
106701,,,,MonIceNormal,2,10,7,2,1,,
106710,,,,MonIceSkill,5,10,4,2,106710,15,
106720,,,,MonPosionSkill,7,10,8,3,106720,5,
106800,,,,MonPosionSkill,7,10,3,3,106800,15,
106801,,,,MonIceSkill,4,10,4,2,106801,8,
106802,,,,MonPosionNormal,1,10,4,3,8,,
106810,,,,MonIceDamage,7,10,3,2,8,,
106811,,,,MonPosionNormal,4,10,4,3,8,,
106820,,,,MonIceNormal,2,10,2,2,6,,
106821,,,,MonIceSkill,3,10,4,2,106821,11,
106822,,,,MonIceSkill,2,10,2,2,106822,15,
106900,,,,MonIceNormal,5,10,5,2,6,,
106901,,,,MonIceNormal,4,10,4,2,8,,
106910,,,,MonIceDamage,7,10,5,2,6,,
106911,,,,MonIceNormal,3,10,2,2,4,,
106920,,,,MonPosionDamage,7,10,5,3,8,,
106921,,,,MonIceNormal,3,10,4,2,7,,
107000,,,,MonFireNormal,4,10,5,1,7,,
107001,,,,MonIceDamage,5,10,6,2,9,,
107010,,,,MonPosionDamage,7,10,4,3,4,,
107020,,,,MonPosionSkill,2,10,5,3,107020,13,
107021,,,,MonPosionDamage,6,10,5,3,5,,
107100,,,,MonLightNormal,2,10,5,4,1,,
107101,,,,MonPosionDamage,6,10,6,3,7,,
107102,,,,MonFireNormal,1,10,7,1,1,,
107110,,,,MonPosionSkill,6,10,6,3,107110,7,
107200,,,,MonPosionSkill,8,10,20,3,107200,7,
107300,,,,MonPosionSkill,1,10,9,3,107300,11,
107301,,,,MonFireSkill,4,10,6,1,107301,7,
107310,,,,MonPosionDamage,6,10,8,3,4,,
107400,,,,MonFireSkill,7,10,4,1,107400,9,
107401,,,,MonFireNormal,2,10,3,1,7,,
107410,,,,MonFireSkill,8,10,3,1,107410,8,
107411,,,,MonLightNormal,3,10,3,4,8,,
107412,,,,MonPosionNormal,1,10,4,3,3,,
107420,,,,MonFireNormal,2,10,2,1,9,,
107421,,,,MonPosionNormal,5,10,4,3,3,,
107422,,,,MonPosionNormal,2,10,2,3,5,,
107500,,,,MonFireSkill,8,10,4,1,107500,8,
107510,,,,MonFireNormal,4,10,4,1,8,,
107511,,,,MonFireNormal,5,10,3,1,7,,
107512,,,,MonLightNormal,1,10,4,4,3,,
107520,,,,MonPosionNormal,2,10,3,3,5,,
107521,,,,MonLightNormal,1,10,3,4,7,,
107522,,,,MonPosionSkill,6,10,3,3,107522,8,
107600,,,,MonDarkNormal,3,10,6,5,2,,
107601,,,,MonFireNormal,2,10,4,1,3,,
107602,,,,MonFireNormal,4,10,5,1,9,,
107610,,,,MonFireDamage,6,10,6,1,8,,
107700,,,,MonDarkSkill,2,10,5,5,107700,14,
107701,,,,MonDarkNormal,5,10,4,5,5,,
107710,,,,MonDarkSkill,1,10,5,5,107710,14,
107711,,,,MonDarkSkill,3,10,5,5,107711,9,
107720,,,,MonFireNormal,6,10,5,1,6,,
107800,,,,MonDarkNormal,2,10,4,5,3,,
107801,,,,MonDarkDamage,8,10,9,5,9,,
107802,,,,MonDarkNormal,1,10,5,5,1,,
107900,,,,MonDarkSkill,1,10,3,5,107900,7,
107901,,,,MonDarkDamage,8,10,3,5,9,,
107910,,,,MonDarkDamage,7,10,2,5,7,,
107911,,,,MonDarkSkill,3,10,2,5,107911,13,
107920,,,,MonDarkSkill,3,10,2,5,107920,12,
107921,,,,MonDarkNormal,5,10,2,5,5,,
107922,,,,MonDarkSkill,3,10,3,5,107922,15,
108000,,,,MonIceNormal,5,10,5,2,2,,
108010,,,,MonDarkNormal,5,10,6,5,6,,
108011,,,,MonDarkNormal,3,10,6,5,2,,
108020,,,,MonDarkSkill,3,10,5,5,108020,10,
108100,,,,MonPosionSkill,6,10,4,3,108100,14,
108110,,,,MonPosionDamage,8,10,5,3,8,,
108111,,,,MonLightNormal,2,10,6,4,2,,
108120,,,,MonPosionDamage,6,10,6,3,4,,
108121,,,,MonIceNormal,2,10,6,2,1,,
108200,,,,MonPosionNormal,1,10,5,3,1,,
108201,,,,MonPosionNormal,4,10,6,3,8,,
108210,,,,MonIceSkill,3,10,6,2,108210,10,
108211,,,,MonIceNormal,2,10,6,2,3,,
108220,,,,MonPosionDamage,6,10,5,3,6,,
108300,,,,MonPosionNormal,4,10,6,3,2,,
108310,,,,MonPosionDamage,5,10,6,3,4,,
108320,,,,MonPosionSkill,1,10,4,3,108321,15,
108321,,,,MonPosionDamage,7,10,4,3,5,,
108322,,,,MonPosionSkill,5,10,4,3,108322,13,
108400,,,,MonPosionNormal,3,10,4,3,2,,
108401,,,,MonFireNormal,5,10,9,1,4,,
108410,,,,MonFireNormal,4,10,6,1,8,,
108500,,,,MonPosionNormal,5,10,4,3,5,,
108510,,,,MonPosionSkill,4,10,4,3,108510,9,
108511,,,,MonIceNormal,5,10,4,2,13,,
108520,,,,MonIceNormal,4,10,3,2,5,,
108521,,,,MonIceNormal,1,10,3,2,8,,
108522,,,,MonIceNormal,5,10,2,2,6,,
108600,,,,MonLightSkill,1,10,5,4,108601,14,
108601,,,,MonLightDamage,7,10,4,4,5,,
108610,,,,MonLightSkill,4,10,5,4,108611,10,
108611,,,,MonLightDamage,6,10,5,4,7,,
108620,,,,MonLightNormal,4,10,5,4,2,,
108700,,,,MonLightSkill,2,10,5,4,108700,10,
108701,,,,MonLightSkill,6,10,5,4,108701,13,
108710,,,,MonLightDamage,6,10,8,4,5,,
108800,,,,MonIceNormal,3,10,4,2,2,,
108801,,,,MonLightDamage,8,10,9,4,8,,
108810,,,,MonLightNormal,3,10,6,4,1,,
108900,,,,MonLightDamage,6,10,6,4,2,,
108901,,,,MonLightNormal,2,10,6,4,3,,
109000,,,,MonLightDamage,8,10,6,4,4,,
109001,,,,MonLightSkill,1,10,6,4,109001,10,
109010,,,,MonLightNormal,2,10,4,4,3,,
109011,,,,MonLightNormal,2,10,4,4,6,,
109012,,,,MonLightSkill,4,10,5,4,109012,9,
109100,,,,MonIceDamage,8,10,5,2,6,,
109101,,,,MonLightNormal,1,10,5,4,3,,
109110,,,,MonLightDamage,6,10,5,4,7,,
109111,,,,MonLightNormal,4,10,6,4,3,,
109120,,,,MonIceNormal,1,10,5,2,1,,
109200,,,,MonLightNormal,3,10,2,4,4,,
109201,,,,MonLightDamage,7,10,1,4,9,,
109202,,,,MonLightNormal,1,10,3,4,5,,
109210,,,,MonLightSkill,1,10,2,4,109210,14,
109211,,,,MonLightNormal,1,10,3,4,7,,
109212,,,,MonLightSkill,4,10,2,4,109212,11,
109220,,,,MonLightSkill,4,10,3,4,109220,10,
109221,,,,MonLightSkill,4,10,1,4,109221,7,
109222,,,,MonLightNormal,3,10,1,4,6,,
109300,,,,MonLightSkill,2,10,3,4,109300,14,
109301,,,,MonLightNormal,4,10,2,4,4,,
109302,,,,MonIceNormal,5,10,4,2,5,,
109310,,,,MonIceDamage,8,10,3,2,8,,
109311,,,,MonLightSkill,3,10,2,4,109311,14,
109320,,,,MonLightSkill,2,10,2,4,109321,15,
109321,,,,MonLightSkill,2,10,3,4,109322,7,
109322,,,,MonIceDamage,7,10,3,2,7,,
109400,,,,MonPosionNormal,4,10,7,3,8,,
109401,,,,MonLightSkill,4,10,4,4,109401,14,
109410,,,,MonLightDamage,6,10,7,4,8,,
109420,,,,MonPosionNormal,1,10,6,3,1,,
109500,,,,MonLightSkill,3,10,2,4,109500,15,
109501,,,,MonLightNormal,2,10,3,4,1,,
109510,,,,MonLightDamage,8,10,3,4,6,,
109511,,,,MonLightSkill,1,10,3,4,109511,12,
109520,,,,MonLightNormal,1,10,2,4,8,,
109521,,,,MonLightNormal,3,10,3,4,2,,
109600,,,,MonLightSkill,3,10,6,4,109600,7,
109601,,,,MonIceDamage,7,10,6,2,5,,
109602,,,,MonIceSkill,1,10,4,2,109602,10,
109610,,,,MonLightSkill,5,10,6,4,109611,10,
109611,,,,MonLightNormal,5,10,5,4,5,,
109700,,,,MonLightNormal,4,10,6,4,3,,
109710,,,,MonIceDamage,8,10,6,2,4,,
109711,,,,MonIceNormal,2,10,4,2,5,,
109720,,,,MonIceDamage,8,10,6,2,8,,
109721,,,,MonLightNormal,1,10,6,4,4,,
109800,,,,MonLightSkill,3,10,7,4,109800,8,
109801,,,,MonIceNormal,1,10,5,2,3,,
109810,,,,MonIceSkill,5,10,4,2,109801,7,
109820,,,,MonIceNormal,5,10,8,2,5,,
109900,,,,MonLightDamage,7,10,4,4,7,,
109901,,,,MonIceNormal,4,10,4,2,3,,
109910,,,,MonIceDamage,8,10,2,2,7,,
109911,,,,MonIceNormal,2,10,3,2,2,,
109912,,,,MonPosionNormal,1,10,3,3,9,,
109920,,,,MonIceSkill,3,10,4,2,109920,9,
109921,,,,MonIceNormal,2,10,4,2,6,,
110000,,,,MonIceNormal,3,10,3,2,3,,
110001,,,,MonFireDamage,7,10,4,1,6,,
110010,,,,MonLightSkill,7,10,2,4,110010,9,
110011,,,,MonFireNormal,2,10,2,1,4,,
110020,,,,MonLightSkill,7,10,3,4,110020,8,
110021,,,,MonIceSkill,4,10,2,2,110021,10,
110022,,,,MonFireNormal,1,10,2,1,5,,
110100,,,,MonLightNormal,2,10,4,4,2,,
110101,,,,MonLightNormal,5,10,7,4,2,,
110102,,,,MonFireNormal,2,10,7,1,2,,
110200,,,,MonFireDamage,6,10,4,1,8,,
110201,,,,MonFireNormal,1,10,6,1,3,,
110210,,,,MonFireNormal,1,10,6,1,1,,
110220,,,,MonLightNormal,5,10,5,4,3,,
110221,,,,MonPosionNormal,5,10,4,3,3,,
110300,,,,MonPosionNormal,4,10,4,3,5,,
110310,,,,MonFireDamage,6,10,5,1,8,,
110311,,,,MonFireSkill,2,10,2,1,110311,14,
110320,,,,MonLightSkill,1,10,2,4,110320,14,
110321,,,,MonLightNormal,2,10,3,4,5,,
110322,,,,MonLightDamage,7,10,4,4,5,,
110400,,,,MonLightNormal,4,10,5,4,4,,
110401,,,,MonFireSkill,6,10,2,1,110401,7,
110410,,,,MonLightDamage,8,10,2,4,6,,
110420,,,,MonPosionNormal,3,10,2,3,2,,
110421,,,,MonFireNormal,2,10,4,1,5,,
110422,,,,MonFireSkill,4,10,3,1,110422,15,
110500,,,,MonPosionDamage,8,10,5,3,7,,
110501,,,,MonPosionNormal,1,10,6,3,3,,
110502,,,,MonPosionNormal,1,10,4,3,1,,
110510,,,,MonFireDamage,7,10,6,1,9,,
110511,,,,MonPosionNormal,3,10,4,3,2,,
110600,,,,MonFireDamage,6,10,6,1,5,,
110610,,,,MonDarkSkill,8,10,6,5,110610,7,
110611,,,,MonDarkNormal,3,10,6,5,4,,
110612,,,,MonPosionNormal,1,10,6,3,1,,
110620,,,,MonFireNormal,2,10,4,1,4,,
110700,,,,MonDarkSkill,5,10,5,5,110700,10,
110701,,,,MonDarkNormal,4,10,6,5,4,,
110710,,,,MonDarkNormal,1,10,6,5,4,,
110720,,,,MonDarkSkill,3,10,4,5,110720,14,
110721,,,,MonDarkDamage,8,10,4,5,8,,
110800,,,,MonDarkNormal,4,10,5,5,6,,
110810,,,,MonDarkSkill,6,10,6,5,110810,9,
110811,,,,MonDarkNormal,3,10,6,5,3,,
110820,,,,MonDarkNormal,1,10,6,5,1,,
110900,,,,MonFireNormal,5,10,6,1,5,,
110901,,,,MonIceNormal,3,10,4,2,6,,
110910,,,,MonDarkSkill,2,10,4,5,110910,15,
110911,,,,MonDarkDamage,7,10,4,5,9,,
110912,,,,MonFireNormal,1,10,6,1,2,,
111000,,,,MonFireDamage,6,10,5,1,7,,
111010,,,,MonFireNormal,2,10,5,1,2,,
111011,,,,MonDarkSkill,4,10,5,5,111011,7,
111012,,,,MonFireNormal,1,10,6,1,1,,
111020,,,,MonDarkSkill,3,10,4,5,111020,14,
111100,,,,MonFireNormal,3,10,6,1,2,,
111101,,,,MonFireNormal,5,10,8,1,5,,
111110,,,,MonFireNormal,5,10,10,1,3,,
111200,,,,MonLightNormal,2,10,5,4,3,,
111201,,,,MonIceDamage,8,10,5,2,9,,
111210,,,,MonIceDamage,6,10,6,2,7,,
111211,,,,MonFireNormal,1,10,6,1,3,,
111220,,,,MonFireDamage,7,10,6,1,7,,
111300,,,,MonFireNormal,3,10,3,1,9,,
111301,,,,MonFireNormal,5,10,2,1,3,,
111310,,,,MonFireDamage,6,10,3,1,7,,
111311,,,,MonFireNormal,1,10,3,1,7,,
111312,,,,MonPosionNormal,3,10,2,3,9,,
111320,,,,MonPosionNormal,3,10,4,3,6,,
111400,,,,MonPosionNormal,2,10,5,3,5,,
111401,,,,MonPosionDamage,6,10,6,3,8,,
111410,,,,MonIceNormal,4,10,5,2,4,,
111411,,,,MonIceNormal,2,10,5,2,1,,
111412,,,,MonIceNormal,2,10,6,2,1,,
111500,,,,MonLightNormal,5,10,4,4,2,,
111501,,,,MonLightNormal,3,10,5,4,3,,
111510,,,,MonLightDamage,8,10,7,4,15,,
111520,,,,MonLightNormal,3,10,10,4,3,,
111600,,,,MonPosionNormal,5,10,5,3,7,,
111610,,,,MonIceNormal,4,10,4,2,6,,
111611,,,,MonIceSkill,4,10,5,2,111611,13,
111620,,,,MonIceNormal,5,10,6,2,6,,
111621,,,,MonLightDamage,6,10,6,4,4,,
111700,,,,MonFireNormal,1,10,3,1,2,,
111701,,,,MonIceNormal,2,10,3,2,8,,
111710,,,,MonPosionNormal,4,10,3,3,5,,
111711,,,,MonFireNormal,1,10,4,1,8,,
111720,,,,MonPosionNormal,2,10,2,3,7,,
111721,,,,MonIceNormal,4,10,4,2,2,,
111722,,,,MonFireNormal,5,10,4,1,2,,
111800,,,,MonIceSkill,2,10,4,2,111800,12,
111810,,,,MonPosionNormal,1,10,5,3,1,,
111811,,,,MonPosionDamage,8,10,4,3,4,,
111812,,,,MonIceNormal,1,10,4,2,5,,
111820,,,,MonPosionNormal,1,10,5,3,5,,
111900,,,,MonIceSkill,1,10,4,2,111900,10,
111910,,,,MonPosionNormal,2,10,5,3,1,,
111911,,,,MonIceSkill,6,10,6,2,111911,7,
111912,,,,MonPosionSkill,1,10,6,3,111912,10,
111920,,,,MonIceNormal,4,10,5,2,9,,
112000,,,,MonIceNormal,6,10,6,2,8,,
112001,,,,MonPosionNormal,6,10,4,3,7,,
112010,,,,MonIceSkill,3,10,5,2,112010,9,
112011,,,,MonFireNormal,5,10,6,1,5,,
112020,,,,MonPosionNormal,6,10,10,3,5,,
112100,,,,MonPosionSkill,8,10,2,3,112100,15,
112101,,,,MonFireNormal,1,10,4,1,4,,
112110,,,,MonFireSkill,7,10,2,1,112110,9,
112111,,,,MonPosionNormal,1,10,4,3,7,,
112112,,,,MonPosionNormal,3,10,2,3,2,,
112120,,,,MonFireNormal,1,10,4,1,1,,
112121,,,,MonFireSkill,2,10,3,1,112121,13,
112122,,,,MonPosionNormal,2,10,3,3,3,,
112200,,,,MonPosionNormal,3,10,4,3,5,,
112201,,,,MonFireDamage,7,10,6,1,8,,
112210,,,,MonFireNormal,4,10,4,1,6,,
112220,,,,MonFireSkill,7,10,4,1,112220,8,
112221,,,,MonFireSkill,4,10,6,1,112221,9,
112300,,,,MonFireSkill,5,10,4,1,112300,15,
112301,,,,MonFireSkill,1,10,6,1,112301,12,
112302,,,,MonFireNormal,5,10,4,1,2,,
112310,,,,MonIceDamage,7,10,5,2,7,,
112320,,,,MonPosionSkill,2,10,4,3,112320,10,
112400,,,,MonPosionDamage,7,10,4,3,9,,
112401,,,,MonLightNormal,4,10,4,4,7,,
112410,,,,MonPosionNormal,5,10,5,3,6,,
112411,,,,MonFireDamage,6,10,5,1,8,,
112412,,,,MonFireSkill,1,10,5,1,112412,14,
112500,,,,MonPosionSkill,6,10,20,3,112500,5,
112600,,,,MonLightSkill,3,10,5,4,112600,13,
112610,,,,MonIceNormal,1,10,6,2,6,,
112620,,,,MonIceSkill,3,10,4,2,112620,12,
112621,,,,MonLightNormal,1,10,6,4,6,,
112622,,,,MonIceSkill,7,10,6,2,112622,7,
112700,,,,MonLightDamage,7,10,6,4,2,,
112701,,,,MonLightNormal,4,10,9,4,6,,
112702,,,,MonFireNormal,1,10,5,1,1,,
112800,,,,MonIceDamage,8,10,3,2,8,,
112801,,,,MonIceSkill,2,10,4,2,112801,11,
112810,,,,MonIceDamage,6,10,3,2,9,,
112811,,,,MonIceNormal,2,10,2,2,7,,
112820,,,,MonLightDamage,7,10,3,4,7,,
112821,,,,MonIceSkill,4,10,2,2,112821,14,
112822,,,,MonLightNormal,1,10,3,4,6,,
112900,,,,MonLightSkill,1,10,2,4,112900,15,
112910,,,,MonIceNormal,4,10,4,2,2,,
112911,,,,MonLightNormal,4,10,3,4,6,,
112912,,,,MonIceNormal,2,10,3,2,3,,
112920,,,,MonLightNormal,3,10,2,4,4,,
112921,,,,MonLightNormal,4,10,2,4,8,,
112922,,,,MonIceNormal,1,10,3,2,7,,
113000,,,,MonLightSkill,8,10,4,4,113000,14,
113001,,,,MonPosionNormal,3,10,4,3,2,,
113002,,,,MonLightNormal,1,10,3,4,5,,
113010,,,,MonLightSkill,6,10,4,4,113010,7,
113011,,,,MonLightSkill,3,10,2,4,113011,9,
113020,,,,MonLightDamage,8,10,2,4,8,,
113021,,,,MonLightNormal,1,10,3,4,7,,
113100,,,,MonLightSkill,2,10,3,4,113100,12,
113110,,,,MonFireSkill,1,10,5,1,113110,9,
113111,,,,MonFireNormal,5,10,5,1,5,,
113120,,,,MonFireNormal,2,10,3,1,2,,
113121,,,,MonLightSkill,2,10,5,4,113121,9,
113122,,,,MonLightNormal,2,10,5,4,3,,
113200,,,,MonLightNormal,2,10,2,4,4,,
113201,,,,MonPosionNormal,5,10,4,3,4,,
113202,,,,MonPosionNormal,3,10,5,3,2,,
113210,,,,MonFireNormal,5,10,4,1,5,,
113211,,,,MonLightNormal,3,10,2,4,7,,
113220,,,,MonFireNormal,2,10,4,1,2,,
113300,,,,MonFireSkill,3,10,6,1,113300,8,
113310,,,,MonFireSkill,5,10,4,1,113310,15,
113320,,,,MonFireSkill,3,10,6,1,113321,11,
113321,,,,MonFireSkill,1,10,5,1,113322,15,
113322,,,,MonFireNormal,4,10,4,1,5,,
113400,,,,MonIceNormal,4,10,4,2,4,,
113410,,,,MonLightSkill,2,10,2,4,113410,15,
113411,,,,MonFireSkill,5,10,3,1,113411,12,
113412,,,,MonFireNormal,6,10,3,1,9,,
113420,,,,MonFireSkill,7,10,2,1,113420,7,
113421,,,,MonLightSkill,4,10,4,4,113421,10,
113422,,,,MonLightNormal,6,10,3,4,4,,
113500,,,,MonFireNormal,3,10,20,1,1,,
113600,,,,MonDarkSkill,4,10,9,5,113600,10,
113601,,,,MonDarkSkill,5,10,6,5,113601,11,
113610,,,,MonDarkDamage,6,10,4,5,3,,
113700,,,,MonDarkSkill,8,10,4,5,113700,9,
113701,,,,MonDarkNormal,6,10,4,5,5,,
113702,,,,MonDarkSkill,1,10,6,5,113702,11,
113710,,,,MonFireNormal,3,10,5,1,3,,
113720,,,,MonDarkSkill,5,10,4,5,113720,13,
113800,,,,MonDarkDamage,7,10,2,5,7,,
113801,,,,MonDarkNormal,3,10,5,5,9,,
113802,,,,MonDarkNormal,4,10,3,5,4,,
113810,,,,MonDarkNormal,5,10,2,5,8,,
113811,,,,MonDarkSkill,3,10,3,5,113811,9,
113812,,,,MonDarkNormal,3,10,4,5,7,,
113820,,,,MonDarkNormal,5,10,2,5,4,,
113900,,,,MonDarkSkill,5,10,5,5,113900,10,
113901,,,,MonDarkSkill,1,10,5,5,113901,12,
113910,,,,MonDarkNormal,3,10,6,5,3,,
113920,,,,MonIceDamage,6,10,6,2,5,,
113921,,,,MonDarkNormal,4,10,4,5,3,,
114000,,,,MonPosionNormal,3,10,6,3,1,,
114001,,,,MonDarkNormal,3,10,8,5,2,,
114100,,,,MonIceDamage,7,10,4,2,6,,
114101,,,,MonIceNormal,1,10,5,2,1,,
114110,,,,MonIceDamage,8,10,6,2,6,,
114120,,,,MonLightNormal,4,10,6,4,4,,
114121,,,,MonLightDamage,6,10,6,4,8,,
114200,,,,MonFireNormal,5,10,3,1,4,,
114201,,,,MonIceNormal,4,10,3,2,5,,
114202,,,,MonFireNormal,5,10,3,1,6,,
114210,,,,MonIceDamage,8,10,5,2,5,,
114220,,,,MonFireNormal,4,10,2,1,4,,
114221,,,,MonIceNormal,3,10,5,2,3,,
114300,,,,MonPosionNormal,2,10,5,3,4,,
114301,,,,MonLightNormal,5,10,2,4,8,,
114302,,,,MonLightNormal,5,10,3,4,14,,
114310,,,,MonPosionNormal,3,10,5,3,4,,
114311,,,,MonPosionNormal,6,10,3,3,8,,
114312,,,,MonPosionNormal,2,10,3,3,2,,
114320,,,,MonLightDamage,7,10,2,4,8,,
114321,,,,MonPosionNormal,1,10,1,3,9,,
114322,,,,MonLightNormal,1,10,2,4,7,,
114400,,,,MonPosionNormal,2,10,4,3,4,,
114410,,,,MonPosionDamage,7,10,4,3,5,,
114411,,,,MonLightNormal,4,10,2,4,6,,
114412,,,,MonLightNormal,4,10,3,4,7,,
114420,,,,MonPosionDamage,7,10,4,3,8,,
114421,,,,MonLightNormal,3,10,4,4,2,,
114422,,,,MonLightNormal,2,10,4,4,3,,
114500,,,,MonFireNormal,4,10,5,1,9,,
114501,,,,MonFireNormal,1,10,4,1,2,,
114510,,,,MonFireNormal,5,10,4,1,4,,
114511,,,,MonIceNormal,5,10,6,2,2,,
114520,,,,MonIceDamage,7,10,5,2,9,,
114600,,,,MonPosionNormal,6,10,9,3,8,,
114610,,,,MonIceDamage,5,10,15,2,5,,
114700,,,,MonIceNormal,3,10,4,2,1,,
114701,,,,MonPosionNormal,5,10,5,3,8,,
114710,,,,MonPosionSkill,4,10,6,3,114710,15,
114720,,,,MonPosionNormal,1,10,5,3,1,,
114721,,,,MonIceSkill,8,10,6,2,114721,14,
114800,,,,MonPosionNormal,4,10,4,3,7,,
114810,,,,MonIceSkill,4,10,4,2,114810,12,
114811,,,,MonPosionNormal,4,10,5,3,7,,
114820,,,,MonFireNormal,2,10,3,1,4,,
114821,,,,MonIceSkill,4,10,2,2,114821,7,
114822,,,,MonFireNormal,4,10,4,1,5,,
114900,,,,MonPosionNormal,2,10,6,3,2,,
114901,,,,MonIceSkill,2,10,4,2,114901,13,
114910,,,,MonPosionSkill,2,10,5,3,114910,12,
114911,,,,MonIceNormal,4,10,6,2,6,,
114920,,,,MonPosionDamage,8,10,5,3,6,,
115000,,,,MonPosionNormal,5,10,3,3,6,,
115001,,,,MonIceSkill,3,10,2,2,115001,11,
115010,,,,MonPosionNormal,4,10,3,3,9,,
115011,,,,MonIceSkill,1,10,2,2,115011,15,
115012,,,,MonIceNormal,5,10,2,2,4,,
115020,,,,MonIceSkill,3,10,4,2,115020,7,
115021,,,,MonPosionSkill,3,10,3,3,115021,8,
115022,,,,MonIceSkill,4,10,3,2,115022,13,
115100,,,,MonPosionSkill,1,10,5,3,115100,11,
115101,,,,MonFireDamage,6,10,9,1,6,,
115102,,,,MonPosionSkill,2,10,6,3,115102,11,
115200,,,,MonFireNormal,4,10,5,1,2,,
115210,,,,MonPosionDamage,8,10,6,3,5,,
115211,,,,MonPosionNormal,2,10,4,3,4,,
115212,,,,MonFireSkill,1,10,4,1,115212,13,
115220,,,,MonPosionNormal,4,10,4,3,8,,
115300,,,,MonLightNormal,4,10,5,4,9,,
115301,,,,MonFireSkill,7,10,5,1,115301,12,
115302,,,,MonPosionNormal,1,10,6,3,3,,
115310,,,,MonPosionSkill,3,10,6,3,115310,12,
115400,,,,MonFireNormal,1,10,4,1,5,,
115410,,,,MonFireNormal,4,10,5,1,3,,
115411,,,,MonFireSkill,2,10,5,1,115411,14,
115412,,,,MonPosionNormal,3,10,6,3,3,,
115420,,,,MonPosionSkill,5,10,6,3,115420,7,
115500,,,,MonPosionNormal,2,10,7,3,1,,
115501,,,,MonFireSkill,5,10,6,1,115501,8,
115510,,,,MonPosionNormal,1,10,5,3,1,,
115600,,,,MonFireSkill,8,10,4,1,115600,9,
115601,,,,MonPosionNormal,2,10,4,3,5,,
115610,,,,MonPosionDamage,7,10,5,3,7,,
115611,,,,MonPosionSkill,3,10,4,3,115611,15,
115620,,,,MonPosionSkill,6,10,6,3,115620,13,
115700,,,,MonPosionSkill,1,10,5,3,115700,15,
115701,,,,MonFireSkill,8,10,5,1,115701,9,
115710,,,,MonPosionNormal,4,10,5,3,6,,
115720,,,,MonPosionNormal,3,10,6,3,4,,
115721,,,,MonPosionSkill,4,10,5,3,115721,9,
115800,,,,MonPosionSkill,2,10,4,3,115800,12,
115801,,,,MonFireNormal,5,10,8,1,2,,
115810,,,,MonFireNormal,5,10,4,1,7,,
115811,,,,MonPosionNormal,3,10,6,3,6,,
115820,,,,MonPosionDamage,8,10,5,3,14,,
115900,,,,MonPosionDamage,8,10,4,3,6,,
115910,,,,MonLightNormal,3,10,6,4,4,,
115911,,,,MonFireSkill,1,10,4,1,115911,14,
115912,,,,MonFireNormal,2,10,4,1,1,,
115920,,,,MonFireNormal,3,10,5,1,5,,
116000,,,,MonPosionNormal,2,10,4,3,1,,
116001,,,,MonFireNormal,3,10,4,1,1,,
116010,,,,MonPosionNormal,1,10,5,3,2,,
116011,,,,MonPosionNormal,4,10,5,3,6,,
116020,,,,MonPosionDamage,6,10,6,3,5,,
116100,,,,MonLightSkill,4,10,6,4,116100,9,
116110,,,,MonFireDamage,7,10,6,1,5,,
116111,,,,MonFireNormal,3,10,6,1,6,,
116120,,,,MonFireNormal,4,10,6,1,3,,
116121,,,,MonLightDamage,6,10,5,4,6,,
116200,,,,MonPosionDamage,6,10,8,3,2,,
116300,,,,MonFireSkill,5,10,6,1,116300,15,
116301,,,,MonPosionNormal,4,10,6,3,8,,
116310,,,,MonFireDamage,6,10,6,1,7,,
116311,,,,MonLightNormal,1,10,6,4,4,,
116320,,,,MonFireSkill,3,10,4,1,116320,10,
116400,,,,MonFireSkill,8,10,5,1,116400,13,
116401,,,,MonLightSkill,2,10,9,4,116401,12,
116410,,,,MonFireSkill,3,10,6,1,116410,11,
116500,,,,MonFireSkill,4,10,4,1,116510,14,
116501,,,,MonLightSkill,4,10,5,4,116511,10,
116510,,,,MonLightSkill,1,10,5,4,116520,15,
116511,,,,MonFireDamage,6,10,6,1,14,,
116520,,,,MonLightSkill,8,10,3,4,116521,15,
116521,,,,MonLightNormal,2,10,3,4,1,,
116600,,,,MonLightSkill,2,10,4,4,116600,7,
116601,,,,MonPosionNormal,4,10,3,3,6,,
116610,,,,MonIceNormal,1,10,4,2,3,,
116611,,,,MonPosionNormal,2,10,4,3,5,,
116612,,,,MonIceNormal,2,10,4,2,8,,
116620,,,,MonLightSkill,4,10,3,4,116620,12,
116621,,,,MonIceDamage,7,10,4,2,9,,
116622,,,,MonLightSkill,1,10,4,4,116622,12,
116700,,,,MonLightDamage,6,10,4,4,8,,
116701,,,,MonLightNormal,2,10,2,4,8,,
116710,,,,MonIceSkill,6,10,3,2,116710,7,
116711,,,,MonIceNormal,4,10,5,2,8,,
116712,,,,MonLightSkill,1,10,2,4,116712,15,
116720,,,,MonLightSkill,2,10,3,4,116720,13,
116800,,,,MonLightSkill,7,10,6,4,116800,9,
116801,,,,MonIceSkill,4,10,6,2,116801,11,
116810,,,,MonIceNormal,2,10,5,2,1,,
116820,,,,MonIceSkill,1,10,6,2,116820,11,
116900,,,,MonIceNormal,1,10,7,2,3,,
116901,,,,MonIceNormal,1,10,4,2,1,,
116910,,,,MonPosionDamage,2,10,7,3,3,,
116911,,,,MonIceNormal,2,10,4,2,1,,
117000,,,,MonLightSkill,2,10,7,4,117000,12,
117001,,,,MonIceNormal,1,10,5,2,3,,
117010,,,,MonLightDamage,6,10,5,4,8,,
117011,,,,MonIceNormal,2,10,7,2,1,,
117100,,,,MonFireDamage,8,10,5,1,5,,
117101,,,,MonFireSkill,1,10,4,1,117101,15,
117110,,,,MonPosionNormal,5,10,4,3,2,,
117120,,,,MonFireSkill,1,10,5,1,117120,14,
117121,,,,MonLightNormal,5,10,4,4,7,,
117200,,,,MonFireSkill,4,10,2,1,117200,9,
117201,,,,MonFireSkill,4,10,2,1,117201,12,
117202,,,,MonFireNormal,3,10,3,1,9,,
117210,,,,MonLightSkill,2,10,3,4,117210,12,
117211,,,,MonLightSkill,2,10,4,4,117211,8,
117220,,,,MonIceNormal,3,10,4,2,9,,
117221,,,,MonIceDamage,6,10,4,2,7,,
117300,,,,MonFireNormal,4,10,4,1,5,,
117301,,,,MonIceNormal,2,10,2,2,9,,
117310,,,,MonLightDamage,8,10,2,4,8,,
117320,,,,MonIceDamage,8,10,4,2,6,,
117321,,,,MonFireNormal,2,10,3,1,2,,
117322,,,,MonIceNormal,1,10,2,2,1,,
117400,,,,MonFireSkill,6,10,5,1,117400,9,
117410,,,,MonFireSkill,4,10,5,1,117410,7,
117411,,,,MonFireNormal,1,10,5,1,1,,
117420,,,,MonFireNormal,4,10,7,1,3,,
117500,,,,MonFireNormal,5,10,4,1,9,,
117501,,,,MonLightNormal,4,10,3,4,4,,
117510,,,,MonFireSkill,6,10,4,1,117510,14,
117511,,,,MonLightSkill,5,10,3,4,117511,8,
117520,,,,MonPosionNormal,3,10,5,3,8,,
117521,,,,MonLightNormal,1,10,3,4,7,,
117600,,,,MonPosionDamage,6,10,3,3,7,,
117601,,,,MonLightNormal,1,10,3,4,4,,
117610,,,,MonPosionNormal,2,10,2,3,4,,
117611,,,,MonPosionDamage,7,10,3,3,5,,
117612,,,,MonLightNormal,1,10,3,4,9,,
117620,,,,MonLightSkill,6,10,2,4,117620,15,
117621,,,,MonPosionSkill,1,10,4,3,117621,14,
117622,,,,MonLightSkill,2,10,4,4,117622,11,
117700,,,,MonLightDamage,5,10,10,4,13,,
117710,,,,MonPosionDamage,3,10,10,3,3,,
117720,,,,MonPosionNormal,3,10,10,3,1,,
117800,,,,MonLightNormal,2,10,3,4,2,,
117801,,,,MonPosionSkill,2,10,4,3,117801,8,
117810,,,,MonPosionNormal,3,10,5,3,4,,
117811,,,,MonLightDamage,7,10,5,4,15,,
117820,,,,MonLightSkill,2,10,2,4,117821,12,
117821,,,,MonPosionDamage,8,10,4,3,5,,
117900,,,,MonLightDamage,8,10,6,4,5,,
117910,,,,MonPosionNormal,2,10,4,3,2,,
117911,,,,MonLightNormal,4,10,5,4,3,,
117920,,,,MonPosionDamage,6,10,6,3,7,,
117921,,,,MonPosionSkill,4,10,4,3,117921,15,
118000,,,,MonPosionDamage,8,10,6,3,5,,
118001,,,,MonLightSkill,1,10,4,4,118001,11,
118010,,,,MonPosionSkill,2,10,4,3,118010,15,
118011,,,,MonIceNormal,2,10,6,2,1,,
118020,,,,MonIceDamage,8,10,6,2,6,,
118100,,,,MonPosionSkill,8,10,3,3,118100,9,
118101,,,,MonPosionNormal,1,10,3,3,4,,
118110,,,,MonLightNormal,1,10,3,4,3,,
118111,,,,MonLightDamage,8,10,2,4,9,,
118120,,,,MonPosionNormal,4,10,4,3,6,,
118121,,,,MonPosionNormal,5,10,4,3,5,,
118122,,,,MonLightNormal,2,10,4,4,4,,
118200,,,,MonLightSkill,5,10,6,4,118200,12,
118210,,,,MonFireDamage,7,10,6,1,7,,
118220,,,,MonPosionNormal,1,10,6,3,1,,
118221,,,,MonPosionNormal,2,10,4,3,5,,
118222,,,,MonPosionDamage,6,10,6,3,9,,
118300,,,,MonFireNormal,5,10,5,1,2,,
118301,,,,MonLightSkill,6,10,5,4,118301,7,
118310,,,,MonFireNormal,2,10,5,1,2,,
118311,,,,MonPosionNormal,2,10,6,3,3,,
118320,,,,MonPosionDamage,6,10,5,3,7,,
118400,,,,MonLightSkill,7,10,4,4,118400,8,
118401,,,,MonLightNormal,2,10,6,4,1,,
118410,,,,MonLightDamage,7,10,5,4,5,,
118420,,,,MonPosionNormal,3,10,5,3,1,,
118500,,,,MonPosionNormal,5,10,3,3,4,,
118501,,,,MonLightSkill,5,10,2,4,118501,8,
118510,,,,MonLightNormal,2,10,2,4,3,,
118511,,,,MonLightDamage,6,10,4,4,7,,
118512,,,,MonPosionNormal,1,10,3,3,3,,
118520,,,,MonLightNormal,1,10,3,4,4,,
118521,,,,MonPosionSkill,1,10,4,3,118521,12,
118522,,,,MonLightSkill,7,10,4,4,118522,8,
118600,,,,MonLightNormal,2,10,6,4,6,,
118601,,,,MonLightNormal,2,10,6,4,6,,
118610,,,,MonLightNormal,1,10,5,4,6,,
118611,,,,MonPosionDamage,7,10,5,3,8,,
118620,,,,MonLightNormal,2,10,5,4,1,,
118700,,,,MonLightSkill,1,10,6,4,118701,15,
118701,,,,MonPosionSkill,1,10,4,3,118710,12,
118710,,,,MonLightSkill,2,10,5,4,118720,11,
118720,,,,MonPosionSkill,4,10,5,3,118721,10,
118721,,,,MonLightNormal,4,10,6,4,1,,
118800,,,,MonLightDamage,8,10,4,4,7,,
118801,,,,MonFireNormal,3,10,6,1,5,,
118810,,,,MonLightNormal,2,10,5,4,1,,
118820,,,,MonFireNormal,7,10,6,1,2,,
118900,,,,MonPosionSkill,7,10,6,3,118900,9,
118901,,,,MonPosionSkill,2,10,6,3,118901,12,
118902,,,,MonLightNormal,2,10,4,4,4,,
118910,,,,MonPosionSkill,2,10,5,3,118910,13,
118920,,,,MonLightDamage,11,10,8,4,15,,
119000,,,,MonLightSkill,1,10,5,4,119010,11,
119001,,,,MonLightSkill,3,10,4,4,119020,10,
119010,,,,MonPosionNormal,4,10,6,3,3,,
119020,,,,MonPosionNormal,6,10,6,3,2,,
119100,,,,MonFireNormal,3,10,5,1,1,,
119101,,,,MonIceNormal,1,10,5,2,3,,
119110,,,,MonIceDamage,6,10,11,2,1,,
119200,,,,MonIceNormal,4,10,4,2,2,,
119201,,,,MonIceNormal,5,10,4,2,8,,
119202,,,,MonIceNormal,2,10,4,2,3,,
119210,,,,MonLightDamage,7,10,5,4,4,,
119220,,,,MonIceSkill,6,10,6,2,119220,5,
119300,,,,MonLightSkill,4,10,5,4,119300,14,
119301,,,,MonIceSkill,5,10,2,2,119301,11,
119310,,,,MonFireDamage,7,10,5,1,5,,
119311,,,,MonLightNormal,4,10,3,4,6,,
119320,,,,MonLightNormal,4,10,4,4,7,,
119321,,,,MonFireNormal,4,10,2,1,9,,
119400,,,,MonIceDamage,7,10,4,2,7,,
119410,,,,MonIceNormal,1,10,3,2,9,,
119411,,,,MonIceSkill,4,10,2,2,119411,12,
119412,,,,MonIceSkill,6,10,4,2,119412,9,
119420,,,,MonLightDamage,7,10,4,4,6,,
119421,,,,MonIceNormal,4,10,4,2,8,,
119422,,,,MonLightNormal,1,10,4,4,8,,
119500,,,,MonIceSkill,4,10,7,2,119500,9,
119510,,,,MonLightSkill,3,10,6,4,119501,11,
119520,,,,MonLightSkill,5,10,8,4,119510,13,
119521,,,,MonPosionDamage,6,10,8,3,3,,
119600,,,,MonPosionNormal,3,10,4,3,6,,
119601,,,,MonPosionDamage,6,10,2,3,9,,
119610,,,,MonPosionDamage,6,10,3,3,6,,
119611,,,,MonPosionSkill,2,10,3,3,119611,7,
119620,,,,MonPosionSkill,7,10,4,3,119620,14,
119621,,,,MonPosionNormal,2,10,4,3,5,,
119622,,,,MonLightNormal,2,10,3,4,6,,
119700,,,,MonPosionNormal,4,10,4,3,3,,
119701,,,,MonLightNormal,5,10,4,4,6,,
119710,,,,MonPosionNormal,2,10,5,3,3,,
119720,,,,MonPosionNormal,3,10,8,3,1,,
119721,,,,MonLightNormal,6,10,6,4,5,,
119800,,,,MonIceDamage,7,10,5,2,5,,
119801,,,,MonIceNormal,1,10,5,2,1,,
119802,,,,MonLightNormal,2,10,6,4,1,,
119810,,,,MonLightDamage,8,10,4,4,2,,
119900,,,,MonPosionSkill,7,10,2,3,119900,9,
119901,,,,MonPosionNormal,3,10,3,3,4,,
119910,,,,MonFireNormal,4,10,4,1,2,,
119911,,,,MonLightSkill,7,10,4,4,119911,7,
119920,,,,MonLightSkill,2,10,2,4,119920,14,
119921,,,,MonLightDamage,8,10,4,4,5,,
119922,,,,MonPosionSkill,1,10,3,3,119922,8,
120000,,,,MonPosionDamage,7,10,2,3,7,,
120001,,,,MonLightSkill,3,10,4,4,120001,12,
120002,,,,MonLightNormal,2,10,3,4,1,,
120010,,,,MonLightSkill,1,10,4,4,120010,2,
120011,,,,MonLightSkill,5,10,6,4,120011,5,
120020,,,,MonLightSkill,6,10,6,4,120020,2,
